City_ID,City,Lat,Lng,Max Temp,Humidity,Cloudiness,Wind Speed,Country,Date,Snow,Rain,Weather Description
0,Ushuaia,-54.8,-68.3,35.6,94,40,18.34,AR,2020-07-12 21:12:13,0,0.0,scattered clouds
1,Nacozari,25.34,-108.26,98.01,49,97,14.0,MX,2020-07-12 21:12:13,0,0.0,overcast clouds
2,Soyo,-6.13,12.37,72.27,82,0,9.95,AO,2020-07-12 21:12:13,0,0.0,clear sky
3,Qaanaaq,77.48,-69.36,47.61,58,86,3.8,GL,2020-07-12 21:08:42,0,0.0,overcast clouds
4,Mercedes,-34.65,-59.43,54.0,37,80,1.99,AR,2020-07-12 21:12:14,0,0.0,broken clouds
5,Bluff,-46.6,168.33,39.0,83,82,3.0,NZ,2020-07-12 21:12:14,0,0.0,broken clouds
6,Rikitea,-23.12,-134.97,71.04,71,0,16.71,PF,2020-07-12 21:12:14,0,0.0,clear sky
7,Hermanus,-34.42,19.23,55.99,76,1,20.0,ZA,2020-07-12 21:10:51,0,0.0,clear sky
8,Port Blair,11.67,92.75,81.91,80,100,13.11,IN,2020-07-12 21:12:14,0,0.0,overcast clouds
9,Albany,42.6,-73.97,90.0,36,8,9.15,US,2020-07-12 21:07:15,0,0.0,clear sky
10,Norman Wells,65.28,-126.83,60.8,77,75,6.93,CA,2020-07-12 21:12:14,0,0.0,broken clouds
11,Hasaki,35.73,140.83,64.4,100,75,8.05,JP,2020-07-12 21:12:14,0,0.0,light intensity shower rain
12,Makakilo City,21.35,-158.09,84.2,54,75,9.17,US,2020-07-12 21:08:41,0,0.0,broken clouds
13,Tripoli,32.88,13.19,76.6,74,0,9.48,LY,2020-07-12 21:10:34,0,0.0,clear sky
14,Saskylakh,71.92,114.08,59.54,72,89,16.42,RU,2020-07-12 21:08:31,0,0.0,overcast clouds
15,Bredasdorp,-34.53,20.04,48.2,66,0,2.24,ZA,2020-07-12 21:12:15,0,0.0,clear sky
16,Auki,-8.77,160.7,80.35,80,91,7.11,SB,2020-07-12 21:12:15,0,0.0,overcast clouds
17,Port Hedland,-20.32,118.57,59.0,22,1,9.17,AU,2020-07-12 21:12:15,0,0.0,clear sky
18,Butaritari,3.07,172.79,83.35,77,42,15.26,KI,2020-07-12 21:08:29,0,0.0,scattered clouds
19,Helong,42.54,129.0,58.37,89,100,1.72,CN,2020-07-12 21:12:15,0,0.0,overcast clouds
20,Lagoa,39.05,-27.98,68.83,78,0,16.42,PT,2020-07-12 21:12:15,0,0.0,clear sky
21,Vaini,-21.2,-175.2,71.6,78,40,17.22,TO,2020-07-12 21:08:25,0,0.0,scattered clouds
22,Angola,-12.5,18.5,56.53,39,0,4.7,AO,2020-07-12 21:12:15,0,0.0,clear sky
23,Port Alfred,-33.59,26.89,58.64,36,0,11.36,ZA,2020-07-12 21:12:16,0,0.0,clear sky
24,Barrow,71.29,-156.79,37.4,94,90,6.93,US,2020-07-12 21:12:16,0,0.0,overcast clouds
25,Avarua,-21.21,-159.78,71.6,88,96,10.29,CK,2020-07-12 21:07:42,0,0.0,light rain
26,Cabo San Lucas,22.89,-109.91,93.2,46,40,9.17,MX,2020-07-12 21:10:41,0,0.0,scattered clouds
27,Orbetello,42.44,11.22,78.8,36,2,12.75,IT,2020-07-12 21:12:16,0,0.0,clear sky
28,Vila Velha,-20.33,-40.29,75.99,73,38,12.75,BR,2020-07-12 21:12:16,0,0.0,scattered clouds
29,Mahebourg,-20.41,57.7,71.6,73,20,14.99,MU,2020-07-12 21:07:35,0,0.0,few clouds
30,Alofi,-19.06,-169.92,75.2,83,100,21.92,NU,2020-07-12 21:12:16,0,0.0,overcast clouds
31,Castro,-24.79,-50.01,62.22,74,4,7.76,BR,2020-07-12 21:08:37,0,0.0,clear sky
32,Punta Arenas,-53.15,-70.92,37.4,74,75,21.92,CL,2020-07-12 21:12:17,0,0.0,broken clouds
33,Nikolskoye,59.7,30.79,55.4,76,75,4.47,RU,2020-07-12 21:12:03,0,0.0,broken clouds
34,Lebu,-37.62,-73.65,50.22,89,100,5.79,CL,2020-07-12 21:08:28,0,0.0,overcast clouds
35,Saint-Philippe,-21.36,55.77,66.2,68,27,2.24,RE,2020-07-12 21:12:17,0,0.71,light rain
36,Puerto Ayora,-0.74,-90.35,70.0,85,88,3.0,EC,2020-07-12 21:12:17,0,0.0,overcast clouds
37,Cherskiy,68.75,161.3,52.54,93,100,3.27,RU,2020-07-12 21:11:57,0,0.0,overcast clouds
38,Labuhan,-6.88,112.21,75.38,86,79,7.09,ID,2020-07-12 21:12:17,0,0.0,broken clouds
39,Tilichiki,60.47,166.1,50.18,96,100,5.1,RU,2020-07-12 21:08:59,0,0.0,overcast clouds
40,Haines Junction,60.75,-137.51,62.91,43,96,8.99,CA,2020-07-12 21:12:17,0,0.0,overcast clouds
41,Ninghai,29.29,121.42,82.4,88,100,6.71,CN,2020-07-12 21:12:18,0,0.0,overcast clouds
42,Erenhot,43.65,111.98,68.2,69,88,10.6,CN,2020-07-12 21:10:21,0,0.0,overcast clouds
43,Mataura,-46.19,168.86,39.0,83,90,3.0,NZ,2020-07-12 21:11:06,0,0.0,overcast clouds
44,Hobyo,5.35,48.53,79.83,74,33,21.27,SO,2020-07-12 21:12:18,0,0.0,scattered clouds
45,Busselton,-33.65,115.33,55.0,87,37,13.87,AU,2020-07-12 21:12:18,0,0.12,light rain
46,Cape Town,-33.93,18.42,57.99,71,75,27.51,ZA,2020-07-12 21:08:28,0,1.52,moderate rain
47,Bandarbeyla,9.49,50.81,81.9,68,78,31.74,SO,2020-07-12 21:08:36,0,0.0,broken clouds
48,Torbay,47.67,-52.73,63.0,77,75,14.99,CA,2020-07-12 21:12:18,0,0.0,broken clouds
49,Mar Del Plata,-38.0,-57.56,45.0,52,20,17.22,AR,2020-07-12 21:12:18,0,0.0,few clouds
50,Kurumkan,54.3,110.3,62.56,78,100,0.4,RU,2020-07-12 21:12:19,0,0.0,overcast clouds
51,Umarkot,25.36,69.74,85.91,65,37,18.68,PK,2020-07-12 21:08:05,0,0.0,scattered clouds
52,Acajutla,13.59,-89.83,84.99,62,2,1.01,SV,2020-07-12 21:08:30,0,0.18,light rain
53,Surgut,61.25,73.42,57.2,100,81,4.47,RU,2020-07-12 21:12:19,0,0.0,broken clouds
54,Upernavik,72.79,-56.15,42.1,83,98,9.89,GL,2020-07-12 21:08:24,0,0.0,overcast clouds
55,Waltershausen,50.9,10.57,59.0,69,21,2.95,DE,2020-07-12 21:12:19,0,0.0,few clouds
56,Crato,-7.23,-39.41,84.2,51,20,5.97,BR,2020-07-12 21:12:19,0,0.0,few clouds
57,Bengkulu,-3.8,102.27,74.35,90,51,3.74,ID,2020-07-12 21:12:19,0,0.0,broken clouds
58,Kapaa,22.08,-159.32,82.4,65,40,16.11,US,2020-07-12 21:08:36,0,0.0,scattered clouds
59,Andra,62.51,65.89,64.58,82,59,11.12,RU,2020-07-12 21:12:20,0,0.0,broken clouds
60,Kununurra,-15.77,128.73,68.0,30,99,8.05,AU,2020-07-12 21:08:54,0,0.0,overcast clouds
61,Tanggu,39.02,117.65,73.4,94,100,3.24,CN,2020-07-12 21:12:20,0,0.0,mist
62,Sao Joao Da Barra,-21.64,-41.05,75.2,73,89,8.05,BR,2020-07-12 21:12:20,0,0.0,overcast clouds
63,Port-Gentil,-0.72,8.78,77.0,88,75,14.05,GA,2020-07-12 21:12:20,0,0.0,broken clouds
64,Tiznit,29.58,-9.5,85.98,33,99,0.89,MA,2020-07-12 21:12:20,0,0.0,overcast clouds
65,Qaqortoq,60.72,-46.03,57.2,50,100,6.93,GL,2020-07-12 21:12:20,0,0.0,overcast clouds
66,Hofn,64.25,-15.21,52.12,93,100,4.99,IS,2020-07-12 21:12:20,0,0.39,light rain
67,Poronaysk,49.22,143.12,55.18,92,95,4.5,RU,2020-07-12 21:09:04,0,0.0,overcast clouds
68,Lorengau,-2.02,147.27,81.52,75,99,2.44,PG,2020-07-12 21:07:50,0,0.0,overcast clouds
69,Hilo,19.73,-155.09,79.0,83,90,7.02,US,2020-07-12 21:07:27,0,0.76,light rain
70,Ziro,27.63,93.83,59.77,100,100,0.6,IN,2020-07-12 21:12:21,0,0.47,light rain
71,Jiayuguan,39.82,98.3,74.08,27,100,3.87,CN,2020-07-12 21:12:21,0,0.0,overcast clouds
72,Bawku,11.06,-0.24,79.99,71,14,4.25,GH,2020-07-12 21:12:21,0,0.62,light rain
73,Yumen,40.28,97.2,73.35,24,100,5.37,CN,2020-07-12 21:12:21,0,0.0,overcast clouds
74,Jamestown,42.1,-79.24,75.0,60,1,12.75,US,2020-07-12 21:10:48,0,0.0,clear sky
75,Datong,40.09,113.29,63.1,86,100,4.34,CN,2020-07-12 21:12:22,0,0.37,light rain
76,Rimouski,48.45,-68.52,78.8,69,75,9.17,CA,2020-07-12 21:12:16,0,0.0,broken clouds
77,Dikson,73.51,80.55,42.35,97,99,6.38,RU,2020-07-12 21:08:52,0,0.0,overcast clouds
78,Tessalit,20.2,1.01,93.51,25,29,10.38,ML,2020-07-12 21:12:22,0,0.0,scattered clouds
79,Souillac,-20.52,57.52,71.6,73,20,14.99,MU,2020-07-12 21:08:52,0,0.0,few clouds
80,Fortuna,40.6,-124.16,72.0,60,40,18.34,US,2020-07-12 21:12:22,0,0.0,scattered clouds
81,Kodiak,57.79,-152.41,55.4,71,90,11.41,US,2020-07-12 21:09:36,0,0.0,overcast clouds
82,Naze,28.37,129.48,80.6,94,40,3.36,JP,2020-07-12 21:12:18,0,0.0,scattered clouds
83,Roma,43.21,-75.46,78.01,78,90,12.75,US,2020-07-12 21:12:22,0,1.4,heavy intensity rain
84,Cidreira,-30.18,-50.21,57.63,89,99,10.63,BR,2020-07-12 21:08:29,0,0.0,overcast clouds
85,New Norfolk,-42.78,147.06,39.0,91,0,2.21,AU,2020-07-12 21:10:38,0,0.0,clear sky
86,Uribia,11.71,-72.27,92.44,43,46,16.69,CO,2020-07-12 21:12:23,0,0.0,scattered clouds
87,Yellowknife,62.46,-114.35,66.2,59,75,8.05,CA,2020-07-12 21:09:08,0,0.0,broken clouds
88,Masterton,-40.96,175.66,50.0,85,95,1.99,NZ,2020-07-12 21:09:39,0,0.0,overcast clouds
89,Virginia Beach,36.85,-75.98,95.0,34,20,9.17,US,2020-07-12 21:11:38,0,0.0,few clouds
90,Ribeira Grande,38.52,-28.7,71.6,78,20,13.87,PT,2020-07-12 21:09:07,0,0.0,few clouds
91,Thompson,55.74,-97.86,71.6,56,75,6.93,CA,2020-07-12 21:12:23,0,0.0,broken clouds
92,Omboue,-1.57,9.26,73.33,87,97,8.86,GA,2020-07-12 21:12:23,0,0.0,overcast clouds
93,Hernani,43.27,-1.98,71.6,73,40,5.82,ES,2020-07-12 21:12:23,0,0.0,scattered clouds
94,Arlit,18.74,7.39,99.03,13,0,6.76,NE,2020-07-12 21:12:24,0,0.0,clear sky
95,Chokurdakh,70.63,147.92,61.21,56,73,10.42,RU,2020-07-12 21:08:24,0,0.0,broken clouds
96,Vostok,46.49,135.88,58.68,94,89,1.7,RU,2020-07-12 21:12:24,0,0.0,overcast clouds
97,Hartselle,34.44,-86.94,81.0,73,40,6.93,US,2020-07-12 21:12:24,0,0.0,scattered clouds
98,Sal Rei,16.18,-22.92,77.0,73,75,13.87,CV,2020-07-12 21:12:24,0,0.0,broken clouds
99,Wilmington,34.23,-77.94,84.0,69,40,10.22,US,2020-07-12 21:11:08,0,0.25,light rain
100,Pevek,69.7,170.31,48.54,72,71,3.98,RU,2020-07-12 21:07:27,0,0.0,broken clouds
101,Husavik,66.04,-17.34,53.6,87,90,5.82,IS,2020-07-12 21:12:24,0,0.0,light rain
102,Vao,-22.67,167.48,71.67,80,67,20.24,NC,2020-07-12 21:12:24,0,0.0,broken clouds
103,Vanavara,60.34,102.28,53.91,86,9,2.53,RU,2020-07-12 21:08:58,0,0.0,clear sky
104,Sarangani,5.4,125.46,82.02,70,100,1.5,PH,2020-07-12 21:12:25,0,0.0,overcast clouds
105,Slave Lake,55.28,-114.77,64.4,52,75,21.92,CA,2020-07-12 21:12:25,0,0.0,broken clouds
106,Geraldton,-28.77,114.6,53.6,58,0,14.99,AU,2020-07-12 21:10:52,0,0.0,clear sky
107,Sur,22.57,59.53,85.55,67,99,16.6,OM,2020-07-12 21:12:25,0,0.0,overcast clouds
108,Jiangyou,31.77,104.72,73.69,77,100,3.58,CN,2020-07-12 21:12:25,0,0.0,overcast clouds
109,Hobart,-42.88,147.33,39.99,93,75,5.82,AU,2020-07-12 21:10:48,0,0.0,broken clouds
110,Kungurtug,50.6,97.52,53.87,84,66,1.5,RU,2020-07-12 21:10:44,0,0.0,broken clouds
111,Igrim,63.19,64.42,60.85,88,26,9.57,RU,2020-07-12 21:12:25,0,0.0,scattered clouds
112,Huarmey,-10.07,-78.15,67.3,68,23,8.16,PE,2020-07-12 21:12:25,0,0.0,few clouds
113,Demba,-5.51,22.27,73.17,75,68,2.33,CD,2020-07-12 21:12:26,0,0.0,broken clouds
114,Berlevag,70.86,29.09,46.4,87,75,5.82,NO,2020-07-12 21:10:53,0,0.0,broken clouds
115,Margate,51.38,1.39,60.01,70,86,3.0,GB,2020-07-12 21:09:02,0,0.0,overcast clouds
116,Tiksi,71.69,128.87,59.45,80,100,4.29,RU,2020-07-12 21:08:24,0,0.0,overcast clouds
117,Egvekinot,66.32,-179.17,56.01,48,95,4.94,RU,2020-07-12 21:12:26,0,0.0,overcast clouds
118,Rawson,-43.3,-65.1,43.52,57,0,21.3,AR,2020-07-12 21:08:19,0,0.0,clear sky
119,Provideniya,64.38,-173.3,51.8,76,20,11.18,RU,2020-07-12 21:11:00,0,0.0,mist
120,Manakara,-22.13,48.02,67.73,87,1,9.6,MG,2020-07-12 21:12:27,0,0.0,clear sky
121,Antofagasta,-23.65,-70.4,59.0,67,40,9.17,CL,2020-07-12 21:12:27,0,0.0,scattered clouds
122,Baykit,61.67,96.37,55.17,89,77,1.92,RU,2020-07-12 21:10:32,0,0.0,broken clouds
123,Oneida,43.2,-75.47,78.01,78,90,12.75,US,2020-07-12 21:12:27,0,1.4,heavy intensity rain
124,Havre-Saint-Pierre,50.23,-63.6,75.2,78,20,9.17,CA,2020-07-12 21:12:24,0,0.0,few clouds
125,Rassvet,46.83,40.75,75.76,52,70,5.08,RU,2020-07-12 21:12:27,0,0.0,broken clouds
126,Anadyr,64.75,177.48,55.4,76,20,4.47,RU,2020-07-12 21:12:27,0,0.0,few clouds
127,Khatanga,71.97,102.5,54.72,77,100,14.74,RU,2020-07-12 21:07:53,0,0.0,overcast clouds
128,Mareeba,-17.0,145.43,69.01,89,75,3.0,AU,2020-07-12 21:08:29,0,0.0,broken clouds
129,Gizo,-8.1,156.84,82.8,78,90,13.29,SB,2020-07-12 21:11:20,0,2.32,moderate rain
130,Kenai,60.55,-151.26,55.4,93,90,6.93,US,2020-07-12 21:11:37,0,0.0,overcast clouds
131,Yulara,-25.24,130.99,37.4,74,0,5.82,AU,2020-07-12 21:12:28,0,0.0,clear sky
132,Kahului,20.89,-156.47,89.6,43,40,25.28,US,2020-07-12 21:12:03,0,0.0,scattered clouds
133,Arraial Do Cabo,-22.97,-42.03,78.8,61,66,5.82,BR,2020-07-12 21:12:28,0,0.0,broken clouds
134,Cabedelo,-6.98,-34.83,78.8,74,20,10.29,BR,2020-07-12 21:09:57,0,0.0,few clouds
135,Port Elizabeth,-33.92,25.57,55.4,66,0,5.82,ZA,2020-07-12 21:08:26,0,0.0,clear sky
136,Norsup,-16.07,167.38,78.8,83,75,9.17,VU,2020-07-12 21:12:28,0,0.0,broken clouds
137,North Bay,46.32,-79.47,69.8,64,75,10.29,CA,2020-07-12 21:11:23,0,0.0,broken clouds
138,Bethel,41.37,-73.41,88.0,51,1,9.17,US,2020-07-12 21:07:43,0,0.0,clear sky
139,Wajima,37.4,136.9,67.8,76,100,2.51,JP,2020-07-12 21:12:28,0,0.0,overcast clouds
140,Kilindoni,-7.91,39.67,77.45,75,0,14.81,TZ,2020-07-12 21:12:29,0,0.0,clear sky
141,Tuatapere,-46.13,167.68,39.0,83,72,3.0,NZ,2020-07-12 21:07:54,0,0.0,broken clouds
142,Zabid,14.2,43.32,90.18,49,65,7.99,YE,2020-07-12 21:12:29,0,0.0,broken clouds
143,Pangnirtung,66.15,-65.71,50.0,81,75,13.87,CA,2020-07-12 21:08:16,0,0.0,shower rain
144,Oksfjord,70.24,22.35,59.0,62,100,8.05,NO,2020-07-12 21:12:29,0,2.0,moderate rain
145,Hualmay,-11.1,-77.61,66.0,68,7,7.31,PE,2020-07-12 21:12:29,0,0.0,clear sky
146,Cap Malheureux,-19.98,57.61,71.01,74,7,8.01,MU,2020-07-12 21:09:58,0,0.12,light rain
147,Aykhal,66.0,111.5,53.6,76,75,4.47,RU,2020-07-12 21:08:01,0,0.0,broken clouds
148,Grand Gaube,-20.01,57.66,71.01,74,10,8.01,MU,2020-07-12 21:12:29,0,0.13,light rain
149,Tomatlan,19.93,-105.25,91.53,50,100,2.46,MX,2020-07-12 21:12:30,0,0.0,overcast clouds
150,Mehamn,71.04,27.85,46.4,87,90,5.82,NO,2020-07-12 21:12:30,0,0.0,overcast clouds
151,Sinnamary,5.38,-52.95,79.81,86,48,10.07,GF,2020-07-12 21:09:00,0,0.22,light rain
152,Kaeo,-35.1,173.78,55.0,3,46,3.0,NZ,2020-07-12 21:12:30,0,0.0,scattered clouds
153,Severo-Kurilsk,50.68,156.12,49.71,92,100,9.19,RU,2020-07-12 21:12:30,0,0.0,overcast clouds
154,Codrington,-38.27,141.97,43.77,90,0,3.49,AU,2020-07-12 21:12:30,0,0.0,clear sky
155,Tromso,69.65,18.96,51.8,87,75,5.82,NO,2020-07-12 21:12:30,0,0.0,shower rain
156,Zeya,53.75,127.27,71.96,77,86,1.88,RU,2020-07-12 21:08:38,0,0.0,overcast clouds
157,Gilleleje,56.12,12.31,59.0,82,43,1.01,DK,2020-07-12 21:12:31,0,0.0,scattered clouds
158,Wolsztyn,52.12,16.12,59.0,58,29,2.24,PL,2020-07-12 21:12:31,0,0.0,scattered clouds
159,Nome,64.5,-165.41,64.99,67,1,4.7,US,2020-07-12 21:10:13,0,0.0,clear sky
160,Kamenka,51.32,42.77,71.01,68,47,4.0,RU,2020-07-12 21:11:17,0,0.0,scattered clouds
161,Karratha,-20.74,116.85,60.12,32,32,13.76,AU,2020-07-12 21:12:31,0,0.0,scattered clouds
162,Hambantota,6.12,81.12,80.65,80,96,16.87,LK,2020-07-12 21:11:00,0,0.0,overcast clouds
163,Atuona,-9.8,-139.03,80.6,73,1,22.46,PF,2020-07-12 21:12:31,0,0.0,clear sky
164,Mahajanga,-15.72,46.32,71.6,60,20,2.24,MG,2020-07-12 21:08:15,0,0.0,few clouds
165,Komsomolskiy,40.43,71.72,75.2,53,100,2.24,UZ,2020-07-12 21:12:31,0,0.0,overcast clouds
166,Oranjemund,-28.55,16.43,55.29,78,0,10.74,NA,2020-07-12 21:12:32,0,0.0,clear sky
167,Straseni,47.14,28.61,62.6,72,75,17.22,MD,2020-07-12 21:12:32,0,0.0,broken clouds
168,Road Town,18.42,-64.62,87.8,70,40,13.87,VG,2020-07-12 21:12:32,0,0.0,scattered clouds
169,Porto Novo,6.5,2.6,77.0,94,20,6.93,BJ,2020-07-12 21:09:06,0,0.0,few clouds
170,Challapata,-18.9,-66.77,52.21,28,0,4.52,BO,2020-07-12 21:12:32,0,0.0,clear sky
171,Tasiilaq,65.61,-37.64,41.0,86,0,11.41,GL,2020-07-12 21:08:59,0,0.0,light intensity drizzle
172,Kailua,21.4,-157.74,84.2,48,75,16.11,US,2020-07-12 21:09:15,0,0.0,broken clouds
173,Whyalla,-33.03,137.58,42.8,100,90,3.36,AU,2020-07-12 21:12:32,0,0.0,overcast clouds
174,Faanui,-16.48,-151.75,79.16,73,100,16.04,PF,2020-07-12 21:12:33,0,0.0,overcast clouds
175,Yerbogachen,61.28,108.01,55.8,87,0,3.76,RU,2020-07-12 21:08:37,0,0.0,clear sky
176,Seymchan,62.88,152.43,70.63,44,73,4.25,RU,2020-07-12 21:12:33,0,0.0,broken clouds
177,Douglas,41.3,-96.17,86.0,42,40,5.82,US,2020-07-12 21:12:33,0,0.0,scattered clouds
178,Comodoro Rivadavia,-45.87,-67.5,44.6,39,40,13.87,AR,2020-07-12 21:08:12,0,0.0,scattered clouds
179,Santa Cruz,-17.8,-63.17,78.8,73,40,14.99,BO,2020-07-12 21:12:33,0,0.0,scattered clouds
180,Talnakh,69.49,88.4,53.6,93,75,11.18,RU,2020-07-12 21:12:33,0,0.0,broken clouds
181,Guerrero Negro,27.98,-114.06,87.15,29,0,17.4,MX,2020-07-12 21:12:33,0,0.0,clear sky
182,Kaitangata,-46.28,169.85,39.99,77,6,5.01,NZ,2020-07-12 21:10:54,0,0.0,clear sky
183,Salalah,17.02,54.09,80.6,94,90,5.82,OM,2020-07-12 21:12:34,0,0.0,light intensity drizzle
184,Clyde River,70.47,-68.59,44.6,87,90,10.29,CA,2020-07-12 21:10:52,0,0.0,overcast clouds
185,Fukue,32.69,128.84,78.01,93,100,17.67,JP,2020-07-12 21:12:34,0,0.0,overcast clouds
186,Henties Bay,-22.12,14.28,55.0,92,0,1.99,NA,2020-07-12 21:12:34,0,0.0,clear sky
187,Juneau,58.3,-134.42,53.6,93,90,9.17,US,2020-07-12 21:09:44,0,0.51,light rain
188,Ubinskoye,55.31,79.68,55.92,95,0,7.65,RU,2020-07-12 21:12:34,0,0.0,clear sky
189,Georgetown,5.41,100.34,80.6,94,40,3.04,MY,2020-07-12 21:12:34,0,0.0,scattered clouds
190,Pailon,-17.65,-62.75,80.6,69,75,18.34,BO,2020-07-12 21:11:04,0,0.0,broken clouds
191,Carnarvon,-24.87,113.63,57.2,93,27,8.05,AU,2020-07-12 21:10:56,0,0.0,scattered clouds
192,Tuktoyaktuk,69.45,-133.04,57.2,67,40,9.17,CA,2020-07-12 21:08:25,0,0.0,scattered clouds
193,Kobyzhcha,50.83,31.5,62.6,82,75,20.13,UA,2020-07-12 21:12:35,0,0.0,broken clouds
194,Nadym,65.53,72.52,56.25,86,100,9.73,RU,2020-07-12 21:12:35,0,0.27,light rain
195,Tam Ky,15.57,108.48,78.8,88,20,4.7,VN,2020-07-12 21:12:35,0,0.0,few clouds
196,Zaanstad,52.45,4.81,59.0,71,73,4.7,NL,2020-07-12 21:12:35,0,0.0,broken clouds
197,San Patricio,19.22,-104.7,89.6,75,40,11.41,MX,2020-07-12 21:12:35,0,0.0,scattered clouds
198,Rapar,23.57,70.63,83.52,79,94,14.47,IN,2020-07-12 21:12:35,0,0.0,overcast clouds
199,Saint-Augustin,51.23,-58.65,62.01,95,100,14.85,CA,2020-07-12 21:12:35,0,0.0,overcast clouds
200,Keffi,8.85,7.87,77.0,83,20,3.36,NG,2020-07-12 21:08:04,0,0.0,thunderstorm
201,Tual,-5.67,132.75,79.07,81,57,22.91,ID,2020-07-12 21:12:36,0,0.0,broken clouds
202,Yenagoa,4.92,6.26,74.77,93,98,3.49,NG,2020-07-12 21:12:36,0,0.0,overcast clouds
203,Wrexham,53.0,-3.0,62.01,69,8,1.01,GB,2020-07-12 21:12:36,0,0.0,clear sky
204,Sabha,27.04,14.43,88.84,18,3,15.12,LY,2020-07-12 21:12:36,0,0.0,clear sky
205,Tautira,-17.73,-149.15,80.6,74,75,12.75,PF,2020-07-12 21:12:36,0,0.0,broken clouds
206,Warri,5.52,5.75,74.82,94,83,3.11,NG,2020-07-12 21:12:36,0,0.0,broken clouds
207,Cochrane,51.18,-114.47,68.0,34,40,24.16,CA,2020-07-12 21:12:36,0,0.0,scattered clouds
208,Coquimbo,-29.95,-71.34,59.0,72,59,9.17,CL,2020-07-12 21:12:14,0,0.0,broken clouds
209,Broken Hill,-31.95,141.43,41.0,93,75,9.17,AU,2020-07-12 21:12:36,0,0.0,broken clouds
210,Macon,39.87,-88.97,84.0,77,40,5.82,US,2020-07-12 21:12:37,0,0.0,scattered clouds
211,Salta,-24.79,-65.41,68.0,34,0,12.75,AR,2020-07-12 21:12:37,0,0.0,clear sky
212,East London,-33.02,27.91,59.58,55,0,18.79,ZA,2020-07-12 21:12:37,0,0.0,clear sky
213,Alcaniz,41.05,-0.13,68.0,93,99,8.81,ES,2020-07-12 21:12:37,0,0.0,overcast clouds
214,Neepawa,50.23,-99.47,78.8,54,75,9.17,CA,2020-07-12 21:12:37,0,0.0,broken clouds
215,Airai,-8.93,125.41,55.67,94,90,4.23,TL,2020-07-12 21:12:12,0,0.0,overcast clouds
216,Padang,-0.95,100.35,76.6,80,38,4.23,ID,2020-07-12 21:12:37,0,0.23,light rain
217,Ilhabela,-23.78,-45.36,76.17,63,12,3.89,BR,2020-07-12 21:12:37,0,0.0,few clouds
218,Bokoro,12.38,17.06,85.71,55,1,4.85,TD,2020-07-12 21:12:38,0,0.0,clear sky
219,Muros,42.78,-9.06,73.0,66,0,7.0,ES,2020-07-12 21:11:29,0,0.0,clear sky
220,Touros,-5.2,-35.46,75.2,83,23,5.82,BR,2020-07-12 21:12:38,0,0.0,few clouds
221,Mao,39.89,4.27,73.4,46,53,4.7,ES,2020-07-12 21:12:38,0,0.0,broken clouds
222,Khawhai,23.37,93.12,62.51,100,100,1.43,IN,2020-07-12 21:12:38,0,0.0,overcast clouds
223,Calabozo,8.92,-67.43,83.59,78,63,2.73,VE,2020-07-12 21:12:38,0,0.73,light rain
224,Puerto Del Rosario,28.5,-13.86,73.4,83,0,17.22,ES,2020-07-12 21:11:03,0,0.0,clear sky
225,Flinders,-34.58,150.86,46.99,89,86,1.99,AU,2020-07-12 21:12:38,0,0.0,overcast clouds
226,Shiyan,32.65,110.78,67.95,90,100,1.19,CN,2020-07-12 21:12:38,0,0.0,overcast clouds
227,Haicheng,40.85,122.75,68.52,83,100,1.95,CN,2020-07-12 21:12:39,0,0.0,overcast clouds
228,Abay,49.63,72.85,57.2,93,16,4.47,KZ,2020-07-12 21:12:39,0,0.0,few clouds
229,Lompoc,34.64,-120.46,78.01,60,0,17.22,US,2020-07-12 21:12:39,0,0.0,clear sky
230,Ballarat,-37.57,143.85,46.0,95,68,8.05,AU,2020-07-12 21:12:06,0,0.0,broken clouds
231,Mount Gambier,-37.83,140.77,39.2,93,90,1.12,AU,2020-07-12 21:12:39,0,0.0,overcast clouds
232,Hermiston,45.84,-119.29,82.0,34,1,9.17,US,2020-07-12 21:12:39,0,0.0,clear sky
233,Do Gonbadan,30.36,50.8,93.2,18,0,7.65,IR,2020-07-12 21:12:39,0,0.0,clear sky
234,Gornyy,55.12,83.91,59.04,97,96,5.53,RU,2020-07-12 21:12:39,0,1.72,moderate rain
235,Huambo,-12.78,15.74,59.38,34,0,4.68,AO,2020-07-12 21:12:39,0,0.0,clear sky
236,Bakchar,57.02,82.07,55.4,97,100,5.59,RU,2020-07-12 21:12:39,0,0.0,overcast clouds
237,Atar,20.52,-13.05,95.58,31,10,4.74,MR,2020-07-12 21:11:19,0,0.0,clear sky
238,Hetauda,27.43,85.03,71.6,94,75,3.04,NP,2020-07-12 21:10:17,0,0.0,light rain
239,Vuktyl,63.86,57.31,57.11,72,62,11.03,RU,2020-07-12 21:12:40,0,0.0,broken clouds
240,Tahta,26.77,31.5,82.02,22,0,7.23,EG,2020-07-12 21:12:40,0,0.0,clear sky
241,Falam,22.92,93.68,61.88,100,100,3.02,MM,2020-07-12 21:12:40,0,0.0,overcast clouds
242,Ikalamavony,-21.15,46.58,60.15,78,45,3.31,MG,2020-07-12 21:12:40,0,0.0,scattered clouds
243,Lazaro Cardenas,17.96,-102.2,86.23,68,96,9.98,MX,2020-07-12 21:12:40,0,0.11,light rain
244,Waipawa,-41.41,175.52,48.0,85,95,1.99,NZ,2020-07-12 21:12:40,0,0.0,overcast clouds
245,Buala,-8.14,159.59,81.59,81,100,14.18,SB,2020-07-12 21:07:56,0,0.8,light rain
246,Tevaitoa,-16.78,-151.5,79.65,74,100,16.31,PF,2020-07-12 21:12:40,0,0.0,overcast clouds
247,Black River,18.03,-77.85,88.0,74,75,9.17,JM,2020-07-12 21:12:41,0,0.0,light intensity shower rain
248,Paamiut,61.99,-49.67,43.43,86,100,2.04,GL,2020-07-12 21:12:41,0,0.15,light rain
249,Mersing,2.43,103.84,77.0,94,60,4.7,MY,2020-07-12 21:12:41,0,0.4,light rain
250,Narsaq,60.92,-46.05,57.2,50,100,6.93,GL,2020-07-12 21:12:41,0,0.0,overcast clouds
251,Lae,-6.72,146.98,69.8,94,75,3.36,PG,2020-07-12 21:12:41,0,0.0,broken clouds
252,Praia Da Vitoria,38.73,-27.07,73.4,69,20,10.25,PT,2020-07-12 21:12:41,0,0.0,few clouds
253,Victoria,22.29,114.16,84.0,79,17,3.0,HK,2020-07-12 21:08:25,0,0.0,few clouds
254,Vestmannaeyjar,63.44,-20.27,50.9,94,100,4.85,IS,2020-07-12 21:12:41,0,1.89,moderate rain
255,Kruisfontein,-34.0,24.73,55.33,36,0,10.16,ZA,2020-07-12 21:12:41,0,0.0,clear sky
256,Luderitz,-26.65,15.16,55.4,93,3,1.12,NA,2020-07-12 21:11:24,0,0.0,clear sky
257,Maceio,-9.67,-35.74,77.0,73,20,5.82,BR,2020-07-12 21:08:29,0,0.0,few clouds
258,Paita,-5.09,-81.11,66.99,75,11,17.09,PE,2020-07-12 21:11:21,0,0.0,few clouds
259,Ust-Nera,64.57,143.2,70.57,47,100,6.73,RU,2020-07-12 21:12:42,0,0.0,overcast clouds
260,Monywa,22.12,95.13,81.01,80,100,5.66,MM,2020-07-12 21:08:22,0,0.0,overcast clouds
261,Kavieng,-2.57,150.8,82.36,71,98,3.4,PG,2020-07-12 21:12:42,0,0.0,overcast clouds
262,Sisimiut,66.94,-53.67,52.92,57,78,14.76,GL,2020-07-12 21:12:42,0,0.0,broken clouds
263,Deputatskiy,69.3,139.9,62.51,57,64,4.25,RU,2020-07-12 21:10:58,0,0.0,broken clouds
264,Vila,42.03,-8.16,77.0,61,1,5.82,PT,2020-07-12 21:10:48,0,0.0,clear sky
265,Aklavik,68.22,-135.01,60.8,44,75,10.29,CA,2020-07-12 21:09:40,0,0.0,broken clouds
266,Roald,62.58,6.13,52.0,76,75,4.7,NO,2020-07-12 21:09:00,0,0.0,broken clouds
267,Suifenhe,44.4,131.17,58.01,99,5,1.74,CN,2020-07-12 21:12:43,0,0.0,clear sky
268,Carbondale,37.73,-89.22,86.0,51,20,9.17,US,2020-07-12 21:10:00,0,0.0,few clouds
269,Amahai,-3.33,128.92,76.71,88,73,8.16,ID,2020-07-12 21:12:43,0,1.51,moderate rain
270,Eniwa,42.88,141.54,66.99,100,75,8.05,JP,2020-07-12 21:12:43,0,0.0,light intensity drizzle
271,Kingston,18.0,-76.79,88.0,62,40,17.22,JM,2020-07-12 21:12:43,0,0.0,scattered clouds
272,Pangody,65.85,74.49,55.04,86,100,1.5,RU,2020-07-12 21:12:43,0,0.62,light rain
273,Rangapara,26.82,92.65,77.41,91,99,1.01,IN,2020-07-12 21:12:43,0,0.73,light rain
274,Eminabad,32.04,74.26,82.4,78,15,3.96,PK,2020-07-12 21:12:43,0,0.0,smoke
275,Ust-Tsilma,65.44,52.15,55.78,91,86,8.72,RU,2020-07-12 21:12:44,0,0.25,light rain
276,Port Lincoln,-34.73,135.87,51.75,81,5,2.71,AU,2020-07-12 21:08:55,0,0.0,clear sky
277,Acapulco,16.86,-99.89,87.8,70,75,4.7,MX,2020-07-12 21:09:18,0,0.0,broken clouds
278,Kashin,57.36,37.61,55.96,92,100,6.58,RU,2020-07-12 21:12:44,0,0.0,overcast clouds
279,Gilgit,35.92,74.31,74.12,37,96,2.19,PK,2020-07-12 21:12:44,0,0.15,light rain
280,Hamilton,39.18,-84.53,84.99,54,75,8.05,US,2020-07-12 21:09:29,0,0.0,broken clouds
281,Sao Filipe,14.9,-24.5,74.53,79,50,6.4,CV,2020-07-12 21:08:55,0,0.0,scattered clouds
282,Ilulissat,69.22,-51.1,48.2,70,38,4.7,GL,2020-07-12 21:12:44,0,0.0,scattered clouds
283,Novikovo,51.15,37.89,65.98,68,7,5.17,RU,2020-07-12 21:12:44,0,0.0,clear sky
284,Kidal,18.44,1.41,91.54,26,82,6.85,ML,2020-07-12 21:12:44,0,0.0,broken clouds
285,Jumla,29.27,82.18,59.2,69,41,2.73,NP,2020-07-12 21:10:49,0,0.0,scattered clouds
286,Camana,-16.62,-72.71,62.71,67,7,6.6,PE,2020-07-12 21:12:45,0,0.0,clear sky
287,Killam,52.78,-111.85,68.0,44,17,10.0,CA,2020-07-12 21:12:45,0,0.68,light rain
288,Ponta Do Sol,32.67,-17.1,70.0,74,0,4.92,PT,2020-07-12 21:12:45,0,0.0,clear sky
289,Bud,39.45,-86.18,82.0,57,1,4.7,US,2020-07-12 21:12:45,0,0.0,clear sky
290,Hayden,47.77,-116.79,73.0,37,75,13.87,US,2020-07-12 21:12:45,0,0.0,broken clouds
291,Bilibino,68.05,166.44,62.17,75,77,0.94,RU,2020-07-12 21:12:34,0,0.58,light rain
292,Hithadhoo,-0.6,73.08,85.28,69,87,7.78,MV,2020-07-12 21:08:50,0,0.0,overcast clouds
293,Kholmogory,64.22,41.66,55.4,93,20,1.45,RU,2020-07-12 21:12:46,0,0.0,few clouds
294,Nivala,63.92,24.97,54.0,92,100,1.21,FI,2020-07-12 21:12:46,0,0.46,light rain
295,Sibolga,1.74,98.78,75.34,80,86,4.54,ID,2020-07-12 21:12:46,0,0.11,light rain
296,Teguldet,57.31,88.17,56.57,94,11,4.59,RU,2020-07-12 21:12:46,0,0.0,few clouds
297,Moerai,-22.43,-151.33,74.7,76,69,4.94,PF,2020-07-12 21:12:46,0,0.0,broken clouds
298,Te Anau,-45.42,167.72,33.1,93,4,1.72,NZ,2020-07-12 21:08:28,0,0.0,clear sky
299,Kendari,-3.94,122.5,73.54,92,55,3.24,ID,2020-07-12 21:12:46,0,0.2,light rain
300,Upington,-28.45,21.26,50.0,34,0,9.17,ZA,2020-07-12 21:12:46,0,0.0,clear sky
301,Bulgan,48.81,103.53,55.24,88,12,1.16,MN,2020-07-12 21:12:47,0,0.0,few clouds
302,Malanje,-9.54,16.34,63.57,50,0,3.51,AO,2020-07-12 21:12:47,0,0.0,clear sky
303,Leningradskiy,69.38,178.42,43.11,71,23,10.13,RU,2020-07-12 21:12:47,0,0.0,few clouds
304,Nicoya,10.15,-85.45,84.2,74,75,5.82,CR,2020-07-12 21:09:00,0,0.0,broken clouds
305,Buckeye,33.37,-112.58,113.0,21,20,8.05,US,2020-07-12 21:12:22,0,0.0,few clouds
306,Saint George,37.1,-113.58,109.0,13,1,26.4,US,2020-07-12 21:12:47,0,0.0,clear sky
307,Raga,8.46,25.68,71.47,93,100,3.51,SS,2020-07-12 21:12:47,0,0.0,overcast clouds
308,Pomabamba,-8.83,-77.47,61.25,38,50,5.84,PE,2020-07-12 21:12:47,0,0.0,scattered clouds
309,Constitucion,-35.33,-72.42,55.63,76,100,6.24,CL,2020-07-12 21:12:47,0,0.0,overcast clouds
310,Catanzaro,38.89,16.6,75.2,88,4,3.36,IT,2020-07-12 21:10:27,0,0.0,clear sky
311,Trelew,-43.25,-65.31,42.26,58,0,18.86,AR,2020-07-12 21:12:16,0,0.0,clear sky
312,Meadow Lake,34.8,-106.54,104.0,11,75,11.7,US,2020-07-12 21:12:48,0,0.0,broken clouds
313,Penzance,50.12,-5.54,63.0,72,9,3.36,GB,2020-07-12 21:12:48,0,0.0,clear sky
314,Kushmurun,52.45,64.63,67.17,74,0,6.78,KZ,2020-07-12 21:12:48,0,0.0,clear sky
315,Conakry,9.54,-13.68,77.29,88,100,13.44,GN,2020-07-12 21:10:05,0,2.75,moderate rain
316,Turukhansk,65.82,87.98,56.35,78,100,8.28,RU,2020-07-12 21:12:48,0,0.0,overcast clouds
317,Monte Patria,-30.69,-70.95,76.14,26,90,2.93,CL,2020-07-12 21:12:48,0,0.0,overcast clouds
318,Flin Flon,54.77,-101.86,75.2,60,75,10.29,CA,2020-07-12 21:08:30,0,0.0,broken clouds
319,Isangel,-19.55,169.27,73.4,78,20,11.41,VU,2020-07-12 21:08:32,0,0.0,few clouds
320,Marawi,8.0,124.29,73.0,91,100,5.99,PH,2020-07-12 21:08:53,0,0.0,overcast clouds
321,Lensk,60.73,114.93,63.7,88,99,2.46,RU,2020-07-12 21:12:49,0,0.0,overcast clouds
322,Broome,42.25,-75.83,82.99,42,40,5.82,US,2020-07-12 21:12:21,0,0.0,scattered clouds
323,Merauke,-8.47,140.33,77.04,85,68,13.98,ID,2020-07-12 21:12:49,0,0.0,broken clouds
324,Nanortalik,60.14,-45.24,47.5,87,100,9.8,GL,2020-07-12 21:12:49,0,0.48,light rain
325,Beyneu,45.32,55.2,85.21,22,0,13.85,KZ,2020-07-12 21:12:07,0,0.0,clear sky
326,Muhos,64.81,25.99,57.2,82,100,4.7,FI,2020-07-12 21:12:49,0,0.0,overcast clouds
327,Turayf,31.67,38.66,80.6,44,0,13.87,SA,2020-07-12 21:12:49,0,0.0,clear sky
328,Zhireken,52.82,117.31,61.39,74,95,2.46,RU,2020-07-12 21:09:39,0,0.0,overcast clouds
329,Guapiacu,-20.8,-49.22,86.0,23,91,4.7,BR,2020-07-12 21:12:49,0,0.0,overcast clouds
330,Quelimane,-17.88,36.89,68.45,81,74,7.83,MZ,2020-07-12 21:09:04,0,0.0,broken clouds
331,Taoudenni,22.68,-3.98,98.64,28,67,3.76,ML,2020-07-12 21:12:50,0,0.0,broken clouds
332,Narrabri,-30.32,149.78,39.2,93,90,5.82,AU,2020-07-12 21:12:50,0,0.0,overcast clouds
333,Colombo,6.93,79.85,78.8,94,40,3.36,LK,2020-07-12 21:12:50,0,0.0,scattered clouds
334,Sorland,67.67,12.69,50.0,87,20,5.82,NO,2020-07-12 21:12:50,0,0.0,few clouds
335,Balgazyn,51.0,95.2,56.7,89,100,1.54,RU,2020-07-12 21:12:50,0,0.21,light rain
336,Sosva,59.18,61.86,65.34,75,0,7.09,RU,2020-07-12 21:12:50,0,0.0,clear sky
337,Sinjar,36.32,41.88,88.7,20,49,17.0,IQ,2020-07-12 21:12:50,0,0.0,scattered clouds
338,Faya,18.39,42.45,77.0,23,10,8.05,SA,2020-07-12 21:12:50,0,0.0,clear sky
339,Pacific Grove,36.62,-121.92,75.2,60,1,6.93,US,2020-07-12 21:08:58,0,0.0,clear sky
340,Toora-Khem,52.47,96.11,52.45,88,100,2.1,RU,2020-07-12 21:12:51,0,0.0,overcast clouds
341,Campbell River,50.02,-125.24,63.0,67,75,5.82,CA,2020-07-12 21:09:42,0,0.0,light intensity shower rain
342,Gatehouse Of Fleet,54.88,-4.18,59.0,70,92,5.99,GB,2020-07-12 21:12:51,0,0.19,light rain
343,Sept-Iles,50.2,-66.38,72.0,83,90,5.82,CA,2020-07-12 21:10:55,0,0.0,overcast clouds
344,Nago,26.59,127.98,82.4,88,1,4.7,JP,2020-07-12 21:12:51,0,0.0,clear sky
345,Channel-Port Aux Basques,47.57,-59.14,61.93,96,98,12.88,CA,2020-07-12 21:12:51,0,0.21,light rain
346,West Wendover,40.74,-114.07,96.8,7,1,10.29,US,2020-07-12 21:12:51,0,0.0,clear sky
347,Kem,64.96,34.58,52.12,86,0,4.76,RU,2020-07-12 21:12:51,0,0.0,clear sky
348,Lewistown,40.6,-77.57,80.01,69,40,19.46,US,2020-07-12 21:12:27,0,0.0,light intensity drizzle
349,Bambous Virieux,-20.34,57.76,71.6,78,40,13.87,MU,2020-07-12 21:12:52,0,0.0,scattered clouds
350,Neftcala,39.37,49.25,76.57,72,4,12.39,AZ,2020-07-12 21:12:52,0,0.0,clear sky
351,Werota,11.92,37.7,62.96,88,100,1.66,ET,2020-07-12 21:12:52,0,1.28,moderate rain
352,Providencia,28.72,-111.58,109.99,27,0,13.0,MX,2020-07-12 21:12:53,0,0.0,clear sky
353,Santa Rosa,14.31,121.11,81.0,90,100,3.98,PH,2020-07-12 21:12:53,0,2.44,moderate rain
354,Madhogarh,26.28,79.19,87.89,65,18,14.61,IN,2020-07-12 21:12:53,0,0.0,few clouds
355,Araouane,18.9,-3.53,100.17,21,0,5.06,ML,2020-07-12 21:12:53,0,0.0,clear sky
356,Ixtapa,20.7,-105.2,87.01,74,75,8.05,MX,2020-07-12 21:08:06,0,0.0,broken clouds
357,Vanimo,-2.67,141.3,77.9,83,100,1.41,PG,2020-07-12 21:11:09,0,0.9,light rain
358,Biak,-0.91,122.88,75.96,84,24,6.76,ID,2020-07-12 21:12:54,0,0.0,few clouds
359,Kathu,7.92,98.33,84.0,94,40,4.7,TH,2020-07-12 21:12:54,0,0.0,scattered clouds
360,Tarjan,47.61,18.51,62.6,51,9,9.17,HU,2020-07-12 21:12:54,0,0.0,clear sky
361,Sharjah,25.36,55.4,100.4,44,1,3.36,AE,2020-07-12 21:12:54,0,0.0,clear sky
362,Uyemskiy,64.47,40.85,55.4,93,20,1.79,RU,2020-07-12 21:12:54,0,0.0,few clouds
363,Awbari,26.59,12.78,84.83,15,0,3.38,LY,2020-07-12 21:12:55,0,0.0,clear sky
364,Svrljig,43.41,22.12,62.6,77,75,1.12,RS,2020-07-12 21:12:55,0,0.0,broken clouds
365,Alyangula,-13.85,136.42,71.6,53,86,5.82,AU,2020-07-12 21:12:55,0,0.0,overcast clouds
366,Axim,4.87,-2.24,74.59,89,45,7.45,GH,2020-07-12 21:12:56,0,0.0,scattered clouds
367,Scottsbluff,41.87,-103.67,96.8,22,1,9.01,US,2020-07-12 21:12:56,0,0.0,clear sky
368,Khandyga,62.67,135.6,70.43,70,52,3.15,RU,2020-07-12 21:12:56,0,0.0,broken clouds
369,Olinda,-8.01,-34.86,80.6,61,40,6.93,BR,2020-07-12 21:12:56,0,0.0,scattered clouds
370,Mizoch,50.4,26.15,49.64,94,62,6.42,UA,2020-07-12 21:10:06,0,0.0,broken clouds
371,Almeirim,-1.52,-52.58,81.64,78,42,2.35,BR,2020-07-12 21:12:56,0,0.0,scattered clouds
372,Ahipara,-35.17,173.17,57.76,87,24,6.82,NZ,2020-07-12 21:08:36,0,0.18,light rain
373,Udgir,18.38,77.12,76.41,82,99,9.53,IN,2020-07-12 21:12:57,0,0.0,overcast clouds
374,Isiro,2.77,27.62,67.23,97,96,0.96,CD,2020-07-12 21:12:57,0,0.41,light rain
375,Petropavlovsk-Kamchatskiy,53.05,158.65,55.4,100,75,4.47,RU,2020-07-12 21:12:57,0,0.0,broken clouds
376,Monrovia,6.3,-10.8,77.0,94,75,8.77,LR,2020-07-12 21:10:51,0,0.0,broken clouds
377,Baghdad,33.34,44.4,91.4,27,0,3.36,IQ,2020-07-12 21:11:34,0,0.0,clear sky
378,Klaksvik,62.23,-6.59,51.8,87,100,13.87,FO,2020-07-12 21:12:57,0,0.0,overcast clouds
379,Ous,60.91,61.52,67.6,72,57,8.21,RU,2020-07-12 21:12:57,0,0.0,broken clouds
380,Maumere,-8.62,122.21,77.49,74,98,4.29,ID,2020-07-12 21:08:51,0,0.0,overcast clouds
381,Mongo,12.18,18.69,82.94,60,33,3.09,TD,2020-07-12 21:12:58,0,0.0,scattered clouds
382,Arawa,-6.21,155.54,78.33,81,100,2.95,PG,2020-07-12 21:12:58,0,0.14,light rain
383,Nador,35.17,-2.93,77.0,88,66,8.05,MA,2020-07-12 21:11:34,0,0.0,thunderstorm
384,Ola,59.58,151.28,57.36,82,0,2.37,RU,2020-07-12 21:12:58,0,0.0,clear sky
385,Ambon,-3.7,128.18,78.3,86,38,16.53,ID,2020-07-12 21:12:59,0,0.54,light rain
386,Talara,-4.58,-81.27,65.21,82,7,18.61,PE,2020-07-12 21:12:59,0,0.0,clear sky
387,Sao Pedro Do Sul,-29.62,-54.18,64.4,72,40,3.36,BR,2020-07-12 21:12:59,0,0.0,scattered clouds
388,Aswan,24.09,32.91,88.12,19,43,13.15,EG,2020-07-12 21:08:36,0,0.0,scattered clouds
389,Tarko-Sale,64.92,77.78,54.0,81,92,11.72,RU,2020-07-12 21:12:59,0,0.0,overcast clouds
390,Marataizes,-21.04,-40.82,72.48,83,9,13.11,BR,2020-07-12 21:12:59,0,0.0,clear sky
391,Manta,-0.95,-80.73,76.44,79,60,13.22,EC,2020-07-12 21:12:59,0,0.0,broken clouds
392,Calatayud,41.35,-1.64,77.0,83,90,6.93,ES,2020-07-12 21:13:00,0,0.19,light rain
393,Namatanai,-3.67,152.43,75.92,90,100,8.95,PG,2020-07-12 21:13:00,0,3.68,moderate rain
394,Lishui,28.46,119.91,76.48,81,100,1.7,CN,2020-07-12 21:13:00,0,0.0,overcast clouds
395,Nortelandia,-14.45,-56.8,88.45,34,69,2.57,BR,2020-07-12 21:13:00,0,0.0,broken clouds
396,Kavaratti,10.57,72.64,82.65,76,100,12.28,IN,2020-07-12 21:13:00,0,0.38,light rain
397,Dunedin,-45.87,170.5,42.01,78,0,4.0,NZ,2020-07-12 21:13:01,0,0.0,clear sky
398,Tankhoy,51.55,105.13,59.32,79,34,5.17,RU,2020-07-12 21:13:01,0,0.0,scattered clouds
399,Los Llanos De Aridane,28.66,-17.92,73.4,73,20,12.75,ES,2020-07-12 21:12:16,0,0.0,few clouds
400,Nouadhibou,20.93,-17.03,73.4,78,0,10.29,MR,2020-07-12 21:11:45,0,0.0,clear sky
401,Courtenay,49.69,-124.99,64.4,48,75,4.7,CA,2020-07-12 21:13:01,0,0.0,broken clouds
402,Longyearbyen,78.22,15.64,46.4,75,75,1.12,SJ,2020-07-12 21:13:01,0,0.0,broken clouds
403,Pisco,-13.7,-76.22,64.99,77,46,10.29,PE,2020-07-12 21:10:49,0,0.0,scattered clouds
404,Mongomo,1.63,11.31,67.62,98,94,2.62,GQ,2020-07-12 21:13:02,0,0.0,overcast clouds
405,Baie-Saint-Paul,47.44,-70.5,76.48,62,95,9.64,CA,2020-07-12 21:11:46,0,0.0,overcast clouds
406,Gat,31.61,34.76,78.01,71,1,1.95,IL,2020-07-12 21:08:05,0,0.0,clear sky
407,Yarovoye,52.93,78.58,63.37,89,0,10.38,RU,2020-07-12 21:13:02,0,0.0,clear sky
408,Hyeres,43.12,6.12,73.99,78,97,4.7,FR,2020-07-12 21:13:02,0,0.0,overcast clouds
409,Yar-Sale,66.83,70.83,52.84,94,100,12.48,RU,2020-07-12 21:13:03,0,0.37,light rain
410,Luebo,-5.35,21.42,71.22,83,99,0.81,CD,2020-07-12 21:13:03,0,0.0,overcast clouds
411,La Libertad,-2.23,-80.9,70.47,89,100,16.04,EC,2020-07-12 21:13:03,0,0.0,overcast clouds
412,Srednekolymsk,67.45,153.68,66.76,57,14,6.51,RU,2020-07-12 21:13:03,0,0.0,few clouds
413,Halifax,44.65,-63.57,75.0,95,11,4.0,CA,2020-07-12 21:11:09,0,0.0,few clouds
414,Samarai,-10.62,150.67,78.08,87,97,15.41,PG,2020-07-12 21:13:04,0,1.39,moderate rain
415,George,-33.96,22.46,66.2,25,0,18.34,ZA,2020-07-12 21:13:04,0,0.0,clear sky
416,Taltal,-25.4,-70.48,61.41,66,22,4.41,CL,2020-07-12 21:13:04,0,0.0,few clouds
417,Aitape,-3.14,142.35,77.79,81,100,3.96,PG,2020-07-12 21:10:47,0,0.13,light rain
418,Lydenburg,-25.1,30.46,44.01,40,0,0.36,ZA,2020-07-12 21:13:04,0,0.0,clear sky
419,Shakawe,-18.37,21.85,49.03,39,0,4.03,BW,2020-07-12 21:13:04,0,0.0,clear sky
420,Ibra,22.69,58.53,83.37,67,56,3.42,OM,2020-07-12 21:13:05,0,0.0,broken clouds
421,San Andres,12.58,-81.7,87.8,70,75,9.17,CO,2020-07-12 21:13:05,0,0.0,broken clouds
422,Graaff-Reinet,-32.25,24.53,53.06,37,0,18.77,ZA,2020-07-12 21:13:05,0,0.0,clear sky
423,Shingu,33.73,135.98,69.19,78,100,6.29,JP,2020-07-12 21:12:32,0,0.0,overcast clouds
424,Mitsamiouli,-11.38,43.28,77.52,73,0,4.94,KM,2020-07-12 21:13:05,0,0.0,clear sky
425,Nuuk,64.18,-51.72,51.01,66,17,5.01,GL,2020-07-12 21:13:06,0,0.0,few clouds
426,Hanzhong,33.07,107.03,66.07,88,17,0.89,CN,2020-07-12 21:13:06,0,0.0,few clouds
427,Kaffrine,14.11,-15.55,79.34,77,100,11.03,SN,2020-07-12 21:13:06,0,0.0,overcast clouds
428,Luganville,-15.53,167.17,78.8,83,75,9.17,VU,2020-07-12 21:13:06,0,0.0,broken clouds
429,Dzierzoniow,50.73,16.65,50.0,77,8,1.99,PL,2020-07-12 21:13:06,0,0.0,clear sky
430,Teknaf,20.86,92.31,80.35,89,99,5.68,BD,2020-07-12 21:13:06,0,1.67,moderate rain
431,Zhuji,29.72,120.24,80.6,88,100,4.47,CN,2020-07-12 21:13:06,0,0.0,overcast clouds
432,Krasnogorsk,55.82,37.32,63.0,87,75,6.71,RU,2020-07-12 21:13:07,0,0.0,broken clouds
433,Cartagena,10.4,-75.51,86.0,74,40,10.29,CO,2020-07-12 21:13:07,0,0.0,scattered clouds
434,Zhigansk,66.77,123.37,65.07,61,63,2.51,RU,2020-07-12 21:08:44,0,0.0,broken clouds
435,Bubaque,11.28,-15.83,78.93,86,100,16.55,GW,2020-07-12 21:13:08,0,0.7,light rain
436,Hirado,33.36,129.55,79.0,83,100,5.99,JP,2020-07-12 21:13:08,0,0.27,light rain
437,Ormara,25.21,64.64,84.43,79,100,13.04,PK,2020-07-12 21:13:08,0,0.0,overcast clouds
438,Odweyne,9.41,45.06,76.95,46,3,17.83,SO,2020-07-12 21:11:09,0,0.0,clear sky
439,Kutum,14.2,24.67,76.96,55,100,2.77,SD,2020-07-12 21:13:09,0,0.0,overcast clouds
440,Ventersburg,-28.09,27.14,40.91,58,0,8.97,ZA,2020-07-12 21:13:09,0,0.0,clear sky
441,Callaguip,18.07,120.49,80.62,80,100,4.59,PH,2020-07-12 21:13:09,0,0.0,overcast clouds
442,Hami,42.8,93.45,75.56,36,45,9.01,CN,2020-07-12 21:13:09,0,0.0,scattered clouds
443,Astana,51.18,71.45,64.4,72,0,8.95,KZ,2020-07-12 21:10:06,0,0.0,clear sky
444,Lavrentiya,65.58,-171.0,45.97,75,5,5.17,RU,2020-07-12 21:13:10,0,0.0,clear sky
445,Lasa,46.62,10.7,59.0,72,5,3.36,IT,2020-07-12 21:11:56,0,0.0,clear sky
446,Natal,-5.79,-35.21,80.6,65,20,11.41,BR,2020-07-12 21:13:10,0,0.0,few clouds
447,Kraskino,42.71,130.78,63.01,93,92,2.95,RU,2020-07-12 21:13:10,0,0.0,overcast clouds
448,Avera,33.19,-82.53,95.0,41,1,4.7,US,2020-07-12 21:08:21,0,0.0,clear sky
449,Cayenne,4.93,-52.33,84.2,66,20,9.17,GF,2020-07-12 21:10:14,0,0.0,few clouds
450,Les Cayes,18.2,-73.75,84.94,65,12,6.11,HT,2020-07-12 21:13:10,0,0.0,few clouds
451,Longkou,37.65,120.33,70.79,90,100,21.16,CN,2020-07-12 21:13:11,0,0.16,light rain
452,Ipira,-12.16,-39.74,73.49,67,21,9.46,BR,2020-07-12 21:09:49,0,0.0,few clouds
453,Abu Kamal,34.45,40.92,89.6,25,3,13.76,SY,2020-07-12 21:09:04,0,0.0,clear sky
454,Korla,41.76,86.15,77.0,64,21,7.0,CN,2020-07-12 21:13:11,0,0.0,few clouds
455,Khakhea,-24.69,23.49,44.91,45,0,8.55,BW,2020-07-12 21:11:06,0,0.0,clear sky
456,Riyadh,24.69,46.72,95.0,16,28,6.93,SA,2020-07-12 21:09:21,0,0.0,scattered clouds
457,Dombarovskiy,50.76,59.54,77.18,62,20,11.59,RU,2020-07-12 21:13:11,0,0.0,few clouds
458,Walvis Bay,-22.96,14.51,55.0,93,0,4.7,NA,2020-07-12 21:13:12,0,0.0,clear sky
459,Arcachon,44.59,-1.05,75.2,60,0,5.82,FR,2020-07-12 21:13:12,0,0.0,clear sky
460,Fairview,40.81,-74.0,91.99,40,20,13.87,US,2020-07-12 21:13:12,0,0.0,few clouds
461,Popondetta,-8.75,148.25,73.35,91,100,2.51,PG,2020-07-12 21:13:12,0,0.0,overcast clouds
462,Dingle,11.0,122.67,76.24,90,85,2.59,PH,2020-07-12 21:08:42,0,0.34,light rain
463,Stornoway,58.21,-6.39,54.0,100,100,18.34,GB,2020-07-12 21:13:13,0,0.0,light rain
464,Amboasary,-25.03,46.38,69.8,88,40,11.41,MG,2020-07-12 21:13:13,0,0.0,scattered clouds
465,Dabat,12.98,37.77,53.69,100,100,5.48,ET,2020-07-12 21:13:13,0,0.45,light rain
466,Racine,42.75,-88.08,77.0,57,5,8.05,US,2020-07-12 21:13:13,0,0.0,clear sky
467,Maputo,-25.97,32.59,61.0,77,0,2.24,MZ,2020-07-12 21:13:13,0,0.0,clear sky
468,Lidkoping,58.51,13.16,57.0,100,0,9.17,SE,2020-07-12 21:13:14,0,0.22,light rain
469,Bay Roberts,47.6,-53.26,64.99,64,100,13.78,CA,2020-07-12 21:13:14,0,0.0,overcast clouds
470,Palatka,29.65,-81.64,95.0,41,20,5.82,US,2020-07-12 21:13:14,0,0.0,few clouds
471,Coahuayana,18.73,-103.68,82.4,74,75,9.17,MX,2020-07-12 21:12:15,0,0.0,broken clouds
472,Palmerston,-12.49,130.98,71.6,40,2,6.93,AU,2020-07-12 21:13:14,0,0.0,clear sky
473,Akdepe,42.06,59.38,80.6,39,5,6.93,TM,2020-07-12 21:13:15,0,0.0,clear sky
474,Athens,37.98,23.72,84.0,37,0,5.82,GR,2020-07-12 21:12:08,0,0.0,clear sky
475,Olds,51.78,-114.1,59.0,73,9,7.2,CA,2020-07-12 21:13:15,0,1.84,moderate rain
476,Mogadishu,2.04,45.34,77.49,85,93,16.44,SO,2020-07-12 21:13:15,0,0.81,light rain
477,Gunjur,13.2,-16.73,78.8,94,75,3.36,GM,2020-07-12 21:13:15,0,0.0,broken clouds
478,Palmer,42.16,-72.33,88.0,45,40,13.87,US,2020-07-12 21:13:15,0,0.0,scattered clouds
479,Marsabit,2.33,37.99,68.59,57,1,16.37,KE,2020-07-12 21:13:15,0,0.0,clear sky
480,Skjervoy,70.03,20.97,49.87,87,100,4.03,NO,2020-07-12 21:13:15,0,0.0,overcast clouds
481,Midland,32.0,-102.08,105.8,13,1,12.75,US,2020-07-12 21:08:19,0,0.0,clear sky
482,Ketchikan,55.34,-131.65,59.0,77,90,8.05,US,2020-07-12 21:08:47,0,0.0,overcast clouds
483,Chihuahua,28.5,-106.0,96.8,12,20,6.93,MX,2020-07-12 21:13:16,0,0.0,few clouds
484,Lata,40.16,-8.33,73.99,64,0,3.36,PT,2020-07-12 21:13:16,0,0.0,clear sky
485,Lubawa,53.5,19.75,52.0,80,0,3.0,PL,2020-07-12 21:13:16,0,0.0,clear sky
486,Gasa,31.5,34.47,78.01,71,0,3.58,PS,2020-07-12 21:10:14,0,0.0,clear sky
487,Oistins,13.07,-59.53,84.2,79,40,10.29,BB,2020-07-12 21:10:01,0,0.0,scattered clouds
488,Kinkala,-4.36,14.76,78.8,78,29,4.7,CG,2020-07-12 21:13:16,0,0.0,scattered clouds
489,Greymouth,-42.47,171.2,49.55,83,98,2.3,NZ,2020-07-12 21:13:17,0,0.0,overcast clouds
490,Ust-Maya,60.42,134.53,66.58,69,0,3.67,RU,2020-07-12 21:13:17,0,0.0,clear sky
491,Coihaique,-45.58,-72.07,37.4,64,20,4.7,CL,2020-07-12 21:13:17,0,0.0,few clouds
492,Wewak,-3.55,143.63,78.58,82,100,0.6,PG,2020-07-12 21:13:17,0,0.14,light rain
493,Akyab,20.15,92.9,81.79,85,100,5.26,MM,2020-07-12 21:13:17,0,1.53,moderate rain
494,Khani,41.96,42.96,73.4,94,75,3.36,GE,2020-07-12 21:13:18,0,0.0,broken clouds
495,Barcelos,41.54,-8.62,82.0,50,0,6.93,PT,2020-07-12 21:09:29,0,0.0,clear sky
496,Ouadda,8.08,22.4,70.05,90,96,1.03,CF,2020-07-12 21:11:06,0,0.34,light rain
497,Roros,62.57,11.38,42.8,87,19,5.82,NO,2020-07-12 21:13:18,0,0.0,few clouds
498,Vestmanna,62.16,-7.17,51.8,87,100,13.87,FO,2020-07-12 21:13:18,0,0.0,overcast clouds
499,Werda,-25.27,23.28,46.35,43,0,8.48,BW,2020-07-12 21:13:18,0,0.0,clear sky
500,Alice Springs,-23.7,133.88,35.6,80,0,2.24,AU,2020-07-12 21:13:18,0,0.0,clear sky
501,Tchibanga,-2.85,11.03,67.57,94,3,2.91,GA,2020-07-12 21:13:19,0,0.0,clear sky
502,Pochutla,15.74,-96.47,88.0,66,75,9.17,MX,2020-07-12 21:13:19,0,0.0,broken clouds
503,Vila Franca Do Campo,37.72,-25.43,69.8,68,75,8.05,PT,2020-07-12 21:13:19,0,0.0,broken clouds
504,Pringsewu,-5.36,104.97,73.2,89,100,1.72,ID,2020-07-12 21:13:19,0,0.0,overcast clouds
505,Zhezkazgan,47.8,67.71,80.06,46,0,8.16,KZ,2020-07-12 21:09:44,0,0.0,clear sky
506,Rayagada,19.17,83.42,79.05,83,100,2.1,IN,2020-07-12 21:13:19,0,0.0,overcast clouds
507,Okha,53.57,142.95,54.36,89,100,0.98,RU,2020-07-12 21:12:18,0,0.0,overcast clouds
508,Burns Lake,54.23,-125.75,62.44,38,89,9.48,CA,2020-07-12 21:13:20,0,0.0,overcast clouds
509,Teahupoo,-17.83,-149.27,80.6,74,75,12.75,PF,2020-07-12 21:08:34,0,0.0,broken clouds
510,Laguna,38.42,-121.42,102.99,14,5,6.93,US,2020-07-12 21:11:37,0,0.0,clear sky
511,Prince Rupert,54.32,-130.32,57.2,82,40,4.7,CA,2020-07-12 21:08:34,0,0.0,scattered clouds
512,Mpwapwa,-6.35,36.48,61.43,81,0,5.32,TZ,2020-07-12 21:13:20,0,0.0,clear sky
513,Yarada,17.65,83.27,80.6,88,75,9.17,IN,2020-07-12 21:13:20,0,0.0,mist
514,Doda,33.13,75.57,69.89,58,14,1.97,IN,2020-07-12 21:13:21,0,0.0,few clouds
515,Ulladulla,-35.35,150.47,48.2,93,90,5.82,AU,2020-07-12 21:11:15,0,0.0,overcast clouds
516,Uhlove,44.82,33.6,72.48,59,0,4.05,UA,2020-07-12 21:13:21,0,0.0,clear sky
517,Umm Kaddadah,13.6,26.69,84.25,45,100,20.87,SD,2020-07-12 21:11:19,0,0.0,overcast clouds
518,Solnechnyy,50.72,136.63,64.76,80,63,1.52,RU,2020-07-12 21:13:21,0,0.0,broken clouds
519,Itarema,-2.92,-39.92,78.44,79,64,14.0,BR,2020-07-12 21:11:00,0,0.22,light rain
520,Port Keats,-14.25,129.55,68.68,29,100,13.85,AU,2020-07-12 21:11:03,0,0.0,overcast clouds
521,Losinyy,57.14,61.07,55.4,87,0,2.24,RU,2020-07-12 21:13:21,0,0.0,clear sky
522,Port Hardy,50.7,-127.42,55.4,93,75,5.82,CA,2020-07-12 21:13:22,0,0.0,light intensity shower rain
523,Mastic Beach,40.77,-72.85,86.0,51,20,16.11,US,2020-07-12 21:13:18,0,0.0,few clouds
524,Jaisalmer,26.91,70.92,85.87,64,3,20.56,IN,2020-07-12 21:13:22,0,0.0,clear sky
525,Kushima,31.46,131.23,73.4,83,20,2.24,JP,2020-07-12 21:10:19,0,0.0,mist
526,Mohacs,45.99,18.68,57.2,87,0,1.9,HU,2020-07-12 21:13:22,0,0.0,clear sky
527,Ventnor City,39.34,-74.48,90.0,38,20,13.87,US,2020-07-12 21:10:04,0,0.0,few clouds
528,Abilene,32.45,-99.73,102.0,35,1,11.41,US,2020-07-12 21:12:03,0,0.0,clear sky
529,Laem Sing,12.48,102.07,80.01,95,100,7.18,TH,2020-07-12 21:13:22,0,3.88,moderate rain
530,Zhanaozen,43.3,52.8,80.37,36,0,3.89,KZ,2020-07-12 21:10:58,0,0.0,clear sky
531,Baherden,38.44,57.43,85.15,28,99,6.71,TM,2020-07-12 21:13:22,0,0.0,overcast clouds
532,Harper,4.38,-7.72,75.15,80,77,7.58,LR,2020-07-12 21:11:11,0,0.0,broken clouds
533,Katsuura,35.13,140.3,69.01,94,75,9.17,JP,2020-07-12 21:10:55,0,0.0,light rain
534,Tabou,4.42,-7.35,75.38,79,87,7.74,CI,2020-07-12 21:10:12,0,0.0,overcast clouds
535,North Branch,45.51,-92.98,82.0,56,36,1.01,US,2020-07-12 21:10:19,0,0.0,scattered clouds
536,Fort Nelson,58.81,-122.7,69.8,43,75,11.41,CA,2020-07-12 21:10:59,0,0.0,broken clouds
537,Nara,34.69,135.8,70.0,94,90,2.24,JP,2020-07-12 21:13:23,0,0.0,light rain
538,Ossora,59.24,163.07,53.92,87,100,9.15,RU,2020-07-12 21:13:23,0,0.0,overcast clouds
539,Nakatsugawa,35.48,137.5,69.01,93,75,2.24,JP,2020-07-12 21:13:23,0,0.0,broken clouds
540,Belaya Gora,68.53,146.42,70.7,47,100,6.91,RU,2020-07-12 21:08:28,0,0.0,overcast clouds
541,Sambava,-14.27,50.17,69.84,85,59,10.49,MG,2020-07-12 21:09:07,0,0.67,light rain
542,Virden,39.5,-89.77,84.2,58,75,5.82,US,2020-07-12 21:13:24,0,0.0,broken clouds
543,Oktyabrskiy,54.48,53.47,64.8,87,2,5.55,RU,2020-07-12 21:13:24,0,0.0,clear sky
544,Xichang,27.9,102.26,66.61,79,100,3.36,CN,2020-07-12 21:13:24,0,0.0,overcast clouds
545,Lar,26.2,83.97,84.99,76,99,5.55,IN,2020-07-12 21:13:24,0,2.4,moderate rain
546,Miri,4.41,114.01,78.8,94,40,3.47,MY,2020-07-12 21:08:57,0,0.0,scattered clouds
547,Imeni Poliny Osipenko,52.42,136.49,59.11,87,82,4.54,RU,2020-07-12 21:11:10,0,0.0,broken clouds
548,Bilma,18.69,12.92,91.02,32,80,10.89,NE,2020-07-12 21:11:58,0,0.0,broken clouds
549,Sao Francisco,-15.95,-44.86,73.44,36,2,2.73,BR,2020-07-12 21:13:24,0,0.0,clear sky
550,Tema,5.67,-0.02,77.0,83,20,12.75,GH,2020-07-12 21:13:24,0,0.0,few clouds
551,Spiridonovka,53.09,50.65,75.2,69,100,6.71,RU,2020-07-12 21:13:25,0,0.0,overcast clouds
552,Sorong,-0.88,131.25,76.03,86,6,8.52,ID,2020-07-12 21:13:25,0,0.0,clear sky
553,Mount Isa,-20.73,139.5,46.4,61,0,9.17,AU,2020-07-12 21:13:25,0,0.0,clear sky
554,Kangavar,34.5,47.97,65.37,59,0,3.85,IR,2020-07-12 21:13:25,0,0.0,clear sky
